{"cameraMode":{"drawMode":0,"name":"Shaded","section":"Shading Mode"},"sceneLighting":false,"audioPlay":false,"sceneViewState":{"showFog":false,"showMaterialUpdate":false,"showSkybox":false,"showFlares":false,"showImageEffects":false,"showParticleSystems":false},"in2DMode":false,"pivot":{"x":-1.54366135597229,"y":5.096655368804932,"z":2.1357085704803469},"rotation":{"x":0.2964351177215576,"y":0.6677036881446838,"z":-0.3314739465713501,"w":0.5970698595046997},"size":1.1274594068527222,"orthographic":false}