{"cameraMode":{"drawMode":0,"name":"Shaded","section":"Shading Mode"},"sceneLighting":true,"audioPlay":false,"sceneViewState":{"showFog":false,"showMaterialUpdate":false,"showSkybox":true,"showFlares":false,"showImageEffects":false,"showParticleSystems":false},"in2DMode":false,"pivot":{"x":0.72779381275177,"y":9.03426742553711,"z":-9.14295482635498},"rotation":{"x":-0.26533931493759158,"y":-0.042185354977846149,"z":0.011627408675849438,"w":-0.9631991982460022},"size":1.0307763814926148,"orthographic":false}